id,first_name,last_name,email
1,Brockie,Foxen,bfoxen0@umich.edu
2,Evaleen,Chieze,echieze1@psu.edu
3,Ruy,Anespie,ranespie2@sphinn.com
4,Augustus,Klimecki,aklimecki3@ifeng.com
5,Fleur,Edmans,fedmans4@weather.com
6,Alberik,Bediss,abediss5@hugedomains.com
7,Debbi,Motte,dmotte6@angelfire.com
8,Kalvin,Baruch,kbaruch7@dropbox.com
9,Suellen,Van den Broek,svandenbroek8@linkedin.com
10,Nikita,MacArthur,nmacarthur9@google.fr
11,Batholomew,Boutflour,bboutfloura@ezinearticles.com
12,Durante,Siggs,dsiggsb@mtv.com
13,Terza,Leckey,tleckeyc@blogspot.com
14,Paulina,St. Clair,pstclaird@odnoklassniki.ru
15,Cindee,Yglesia,cyglesiae@typepad.com
16,Philbert,Milam,pmilamf@amazonaws.com
17,Leslie,Summerrell,lsummerrellg@constantcontact.com
18,Genovera,Crat,gcrath@weather.com
19,Felicle,Nicholas,fnicholasi@bloglovin.com
20,Amalle,McElree,amcelreej@admin.ch
21,Randee,Trillow,rtrillowk@jalbum.net
22,Alla,Thackston,athackstonl@linkedin.com
23,Gerri,Tremblay,gtremblaym@house.gov
24,Blaire,Sweating,bsweatingn@de.vu
25,Lennard,Arkill,larkillo@yolasite.com
26,Graham,Moncur,gmoncurp@mayoclinic.com
27,Lurette,Huncoot,lhuncootq@1688.com
28,Clay,Bowry,cbowryr@mtv.com
29,Esteban,How,ehows@altervista.org
30,Bennie,Kennally,bkennallyt@house.gov
31,Tyne,Burges,tburgesu@github.io
32,Rollo,Scay,rscayv@army.mil
33,Berget,Spottiswoode,bspottiswoodew@mail.ru
34,Thomasa,Chastelain,tchastelainx@myspace.com
35,Natka,Alcido,nalcidoy@globo.com
36,Lyn,Ree,lreez@so-net.ne.jp
37,Aurthur,Dugood,adugood10@icq.com
38,Eden,Taborre,etaborre11@hubpages.com
39,Rebecca,Whenman,rwhenman12@i2i.jp
40,Mendie,Stannah,mstannah13@rambler.ru
41,Sherlocke,Hedling,shedling14@free.fr
42,Gaspar,de Clerc,gdeclerc15@theatlantic.com
43,Ketty,Dosdale,kdosdale16@moonfruit.com
44,Ivonne,Dryburgh,idryburgh17@illinois.edu
45,Vernor,Beardon,vbeardon18@free.fr
46,Mallory,Nodin,mnodin19@ucsd.edu
47,Desmond,Goor,dgoor1a@hc360.com
48,Wilfred,Croy,wcroy1b@patch.com
49,Lynette,Rodger,lrodger1c@ca.gov
50,Selena,Motto,smotto1d@tamu.edu
51,Marilyn,Brundall,mbrundall1e@soundcloud.com
52,Betsy,Bahlmann,bbahlmann1f@samsung.com
53,Ashlin,Samways,asamways1g@fda.gov
54,Tami,Paladino,tpaladino1h@wsj.com
55,Hatty,de Voiels,hdevoiels1i@sourceforge.net
56,Julita,Mulligan,jmulligan1j@dropbox.com
57,Marianna,Chave,mchave1k@smugmug.com
58,Fletcher,Frane,ffrane1l@merriam-webster.com
59,Georgiana,Soane,gsoane1m@seattletimes.com
60,Ode,Faucett,ofaucett1n@smugmug.com
61,Salvidor,Lowcock,slowcock1o@usatoday.com
62,Velma,Cotillard,vcotillard1p@google.ca
63,Rosalyn,Levens,rlevens1q@behance.net
64,Colin,Semaine,csemaine1r@businessweek.com
65,Sonny,Flooks,sflooks1s@nifty.com
66,Adara,Trapp,atrapp1t@marriott.com
67,Lynea,Metcalfe,lmetcalfe1u@fc2.com
68,Muriel,Andover,mandover1v@gravatar.com
69,Timothee,Diggens,tdiggens1w@ning.com
70,Preston,Tuxwell,ptuxwell1x@nature.com
71,Carole,Killock,ckillock1y@tumblr.com
72,Lombard,Barg,lbarg1z@ocn.ne.jp
73,Amber,Whyatt,awhyatt20@un.org
74,Lyssa,Hurdidge,lhurdidge21@skype.com
75,Danica,Isenor,disenor22@wisc.edu
76,Ruthy,Haggis,rhaggis23@photobucket.com
77,Dalston,Moggach,dmoggach24@artisteer.com
78,Bat,Labroue,blabroue25@businessweek.com
79,Wes,Mendus,wmendus26@epa.gov
80,Waneta,Prandin,wprandin27@freewebs.com
81,Malina,Pestor,mpestor28@virginia.edu
82,Maggy,Haswall,mhaswall29@sakura.ne.jp
83,Ambrose,Wollen,awollen2a@google.es
84,Gregorius,Grigoliis,ggrigoliis2b@imageshack.us
85,Mel,Kilpin,mkilpin2c@wp.com
86,Shaine,Garbutt,sgarbutt2d@gmpg.org
87,Clementine,Pinckney,cpinckney2e@usnews.com
88,Judd,Rosenqvist,jrosenqvist2f@csmonitor.com
89,Heriberto,Bilston,hbilston2g@fastcompany.com
90,Avril,Sample,asample2h@people.com.cn
91,Gonzales,Donegan,gdonegan2i@weibo.com
92,Rudolph,Sparway,rsparway2j@dailymotion.com
93,Odele,Rawood,orawood2k@dedecms.com
94,Esme,Callaway,ecallaway2l@patch.com
95,Hillery,Lorente,hlorente2m@cdbaby.com
96,Sherman,Howman,showman2n@skype.com
97,Norton,Hein,nhein2o@google.com.br
98,Fulvia,Roubay,froubay2p@livejournal.com
99,Whitby,Kelinge,wkelinge2q@live.com
100,Blakeley,Winslow,bwinslow2r@homestead.com
